�f�[�^���ʔԍ�,�_�ꖼ,�i��,�ޏꖼ,�����,����,�ޏ���ʒu,�ޏ���ʒu2,���l1,���l2,���l3,���l4,����[kPa]1cm,����[kPa]2cm,����[kPa]3cm,����[kPa]4cm,����[kPa]5cm,����[kPa]6cm,����[kPa]7cm,����[kPa]8cm,����[kPa]9cm,����[kPa]10cm,����[kPa]11cm,����[kPa]12cm,����[kPa]13cm,����[kPa]14cm,����[kPa]15cm,����[kPa]16cm,����[kPa]17cm,����[kPa]18cm,����[kPa]19cm,����[kPa]20cm,����[kPa]21cm,����[kPa]22cm,����[kPa]23cm,����[kPa]24cm,����[kPa]25cm,����[kPa]26cm,����[kPa]27cm,����[kPa]28cm,����[kPa]29cm,����[kPa]30cm,����[kPa]31cm,����[kPa]32cm,����[kPa]33cm,����[kPa]34cm,����[kPa]35cm,����[kPa]36cm,����[kPa]37cm,����[kPa]38cm,����[kPa]39cm,����[kPa]40cm,����[kPa]41cm,����[kPa]42cm,����[kPa]43cm,����[kPa]44cm,����[kPa]45cm,����[kPa]46cm,����[kPa]47cm,����[kPa]48cm,����[kPa]49cm,����[kPa]50cm,����[kPa]51cm,����[kPa]52cm,����[kPa]53cm,����[kPa]54cm,����[kPa]55cm,����[kPa]56cm,����[kPa]57cm,����[kPa]58cm,����[kPa]59cm,����[kPa]60cm,����[kPa]61cm,����[kPa]62cm,����[kPa]63cm,����[kPa]64cm,����[kPa]65cm,����[kPa]66cm,����[kPa]67cm,����[kPa]68cm,����[kPa]69cm,����[kPa]70cm,����[kPa]71cm,����[kPa]72cm,����[kPa]73cm,����[kPa]74cm,����[kPa]75cm,����[kPa]76cm,����[kPa]77cm,����[kPa]78cm,����[kPa]79cm,����[kPa]80cm,����[kPa]81cm,����[kPa]82cm,����[kPa]83cm,����[kPa]84cm,����[kPa]85cm,����[kPa]86cm,����[kPa]87cm,����[kPa]88cm,����[kPa]89cm,����[kPa]90cm,x0,s1,s2,xC,��C,x1,x2,"Slope
(Mpa/cm)"
S-210725-00001,Agsoil,���^�X,�ޏ�-A,2022.03.25,��A��,C,1,,,,,258,344,556,576,657,647,581,622,632,733,768,768,768,768,748,637,647,920,930,986,996,986,1112,1400,1461,1466,1476,1481,1481,1476,1481,1476,1481,1486,1506,1526,1526,1526,1531,1526,1526,1552,1693,1724,1724,1719,1713,1668,1617,1592,1592,1592,1582,1572,1572,1572,1572,1572,1572,1572,,,,,,,,,,,,,,,,,,,,,,,,,,,,,,,19.5,0.232,1.992,15.80397727,133.498608,14.66251631,17.22095617,0.68791924
S-210725-00002,Agsoil,���^�X,�ޏ�-A,2022.03.25,��A��,C,1,,,,,232,232,232,232,232,232,232,232,232,232,232,232,232,268,374,450,611,748,753,753,753,753,753,753,758,1006,1112,1213,1223,1223,1223,1223,1223,1223,1223,1223,1223,1223,1223,1223,1223,1223,1223,1223,1223,1223,1223,1223,1223,1223,1223,1223,1223,1223,1228,1223,1223,1223,1213,1188,,,,,,,,,,,,,,,,,,,,,,,,,,,,,,,27.5,0.232,1.739,21.70968812,603.8916777,19.87931034,24.20977011,0.348
S-210725-00003,Agsoil,���^�X,�ޏ�-A,2022.03.25,��A��,C,1,,,,,232,232,232,232,232,232,232,237,232,232,232,232,232,232,232,323,409,409,409,409,409,409,409,440,758,1112,1390,1547,1638,1673,1673,1658,1607,1577,1537,1496,1491,1446,1365,1279,1218,1178,1152,1127,1117,1082,1056,1051,1036,1021,1021,1021,1021,1021,1021,1021,1021,1021,1021,1021,,,,,,,,,,,,,,,,,,,,,,,,,,,,,,,29.5,0.232,1.597,19.36007326,2118.21495,12.74817766,27.14249584,0.094829083
S-210725-00004,Agsoil,���^�X,�ޏ�-A,2022.03.25,��A��,C,1,,,,,232,232,232,232,232,232,232,232,232,232,232,232,232,232,232,263,318,430,622,662,672,677,682,728,884,1031,1046,1051,1051,1051,1051,1051,1051,1051,1051,1051,1051,1051,1051,1051,1051,1051,1051,1051,1051,1051,1051,1087,1173,1213,1223,1223,1223,1223,1223,1193,1162,1152,1152,1152,,,,,,,,,,,,,,,,,,,,,,,,,,,,,,,29.5,0.237,1.587,21.93851852,836.1573519,20.13891396,25.59437463,0.247458479
S-210725-00005,Agsoil,���^�X,�ޏ�-A,2022.03.25,��A��,C,1,,,,,232,232,232,232,232,232,232,232,232,237,232,232,232,242,258,268,298,318,328,339,354,359,455,728,1056,1243,1284,1294,1294,1294,1294,1279,1264,1264,1264,1264,1264,1264,1264,1264,1253,1233,1223,1213,1198,1157,1147,1147,1152,1188,1213,1208,1193,1152,1082,975,869,819,738,713,,,,,,,,,,,,,,,,,,,,,,,,,,,,,,,20,0.232,0.814,14.73367698,78.78449656,12.88973424,15.94567112,0.190448959
S-210725-00006,Agsoil,���^�X,�ޏ�-A,2022.03.25,��A��,C,2,,,,,232,232,232,232,232,232,237,232,232,232,232,232,232,237,283,389,450,500,546,561,566,576,682,824,900,1026,1041,1046,1046,1041,1046,1046,1046,1046,1046,1041,1041,1046,1046,1046,1046,1046,1046,1041,1041,1031,1011,1001,965,940,910,890,869,864,854,854,232,232,859,232,,,,,,,,,,,,,,,,,,,,,,,,,,,,,,,31.5,0.232,2.452,22.95540541,3485.264257,20.57406002,28.80861884,0.2695955
S-210725-00007,Agsoil,���^�X,�ޏ�-A,2022.03.25,��A��,C,2,,,,,232,232,232,232,232,232,232,232,232,232,232,237,253,258,278,293,303,328,328,328,328,354,394,627,915,1203,1284,1294,1294,1294,1294,1294,1294,1294,1264,1208,1157,1147,1147,1147,1152,1178,1188,1193,1198,1198,1203,1203,1203,1198,1193,1152,1087,1036,996,965,965,965,965,970,,,,,,,,,,,,,,,,,,,,,,,,,,,,,,,29,0.232,1.678,22.88312586,1051.732914,22.21696552,25.70722385,0.414295982
S-210725-00008,Agsoil,���^�X,�ޏ�-A,2022.03.25,��A��,C,2,,,,,232,232,232,232,232,232,232,232,232,237,253,258,273,308,354,470,546,571,606,632,763,915,1208,1243,1253,1253,1253,1253,1243,1208,1208,1208,1213,1208,1213,1208,1213,1223,1238,1238,1238,1238,1238,1238,1238,1238,1238,1238,1238,1238,1238,1238,1238,1223,1203,1178,1132,1087,1041,996,,,,,,,,,,,,,,,,,,,,,,,,,,,,,,,27,0.232,1.946,21.12718786,2746.523152,19.14285714,26,0.249958333
S-210725-00009,Agsoil,���^�X,�ޏ�-A,2022.03.25,��A��,C,2,,,,,232,232,232,232,232,232,232,232,232,232,232,232,237,258,288,288,328,328,328,328,369,470,642,788,874,920,920,950,1077,1208,1395,1471,1471,1476,1476,1456,1360,1238,1102,1016,955,884,864,854,854,854,854,854,854,854,869,879,232,232,925,960,1016,1031,1061,1092,,,,,,,,,,,,,,,,,,,,,,,,,,,,,,,34,0.232,1.82,25.32934509,3177.486626,23.84389743,31.01769187,0.221361236
S-210725-00010,Agsoil,���^�X,�ޏ�-A,2022.03.25,��A��,C,2,,,,,232,232,232,232,232,232,232,232,232,232,232,232,232,232,232,313,389,424,445,465,500,541,606,748,864,1021,1152,1152,1152,1152,1152,1152,1152,1137,1097,1056,1001,935,884,708,617,586,561,561,561,566,561,561,561,561,561,566,576,662,804,1026,1097,1097,1102,1092,,,,,,,,,,,,,,,,,,,,,,,,,,,,,,,53,0.232,2.431,33.56321055,34784.25644,11.52250847,47.42436319,0.061250317
S-210725-00011,Agsoil,���^�X,�ޏ�-A,2022.03.25,��A��,C,3,,,,,232,232,232,232,232,232,232,232,232,232,232,232,232,232,288,333,349,384,384,389,531,758,884,991,996,1051,1066,1117,1162,1168,1168,1162,1162,1162,1162,1162,1157,1157,1157,1157,1157,1157,1157,1157,1157,1157,1157,1157,1157,1157,1157,1157,1157,1157,1157,1157,1157,1157,1157,1157,,,,,,,,,,,,,,,,,,,,,,,,,,,,,,,29,0.232,1.526,22.58964451,715.8795618,20.80667111,26.21526742,0.239248767
S-210725-00012,Agsoil,���^�X,�ޏ�-A,2022.03.25,��A��,C,3,,,,,424,384,333,339,359,364,364,399,409,657,657,657,657,657,657,642,657,682,682,682,682,713,1006,1011,1178,1178,1178,1178,1178,1178,1183,1380,1385,1385,1385,1385,1385,1385,1385,1385,1385,1385,1385,1385,1385,1385,1380,1360,1319,1264,1188,1168,1168,232,232,1168,1168,1168,1168,1168,,,,,,,,,,,,,,,,,,,,,,,,,,,,,,,40,0.232,1.607,28.14,4926.78375,22.73477752,37,0.096388262
S-210725-00013,Agsoil,���^�X,�ޏ�-A,2022.03.25,��A��,C,3,,,,,232,232,232,232,232,232,232,232,232,232,232,232,232,232,268,349,419,480,500,531,561,622,687,738,879,879,910,910,910,910,910,910,910,955,981,981,1016,1026,1026,1026,1026,1026,1026,1021,1016,1011,991,970,935,890,829,768,733,672,637,591,586,586,591,611,,,,,,,,,,,,,,,,,,,,,,,,,,,,,,,54,0.232,1.936,39.94483568,14707.88273,28.08069062,53.14710336,0.067979412
S-210725-00014,Agsoil,���^�X,�ޏ�-A,2022.03.25,��A��,C,3,,,,,232,232,232,232,232,232,232,232,232,232,232,237,232,232,232,232,268,283,288,293,293,293,430,869,1112,1264,1264,1264,1264,1264,1264,1264,1264,1259,1243,1238,1238,1238,1238,1238,1238,1233,1238,1238,1238,1233,1238,1228,1218,1188,1142,1102,1051,996,955,935,940,940,955,1001,,,,,,,,,,,,,,,,,,,,,,,,,,,,,,,28,0.232,1.395,20.47420464,854.504057,17.74514361,25.35434652,0.152841239
S-210725-00015,Agsoil,���^�X,�ޏ�-A,2022.03.25,��A��,C,3,,,,,232,232,232,232,232,232,232,232,232,232,232,232,232,232,258,389,424,470,531,571,576,601,637,718,799,869,1066,1243,1299,1329,1329,1329,1329,1329,1329,1329,1314,1259,1162,1097,1016,986,955,955,955,955,955,955,955,955,955,955,955,955,955,970,1021,1097,1127,1127,,,,,,,,,,,,,,,,,,,,,,,,,,,,,,,31,0.232,0.905,25.24442793,438.4623302,24.47212585,28.00904748,0.19027846
S-210725-00016,Agsoil,���^�X,�ޏ�-A,2022.03.25,��A��,B,1,,,,,232,232,232,232,232,232,232,232,232,232,232,232,232,232,263,278,308,313,394,485,566,682,783,965,1001,1001,1001,1001,1001,1001,1001,1001,1001,1001,1001,1016,1046,1056,1056,1056,1056,1056,1056,1056,1026,955,905,864,844,819,773,713,682,642,632,632,642,677,708,718,,,,,,,,,,,,,,,,,,,,,,,,,,,,,,,28.5,0.232,1.901,23.42270821,813.1447179,21.59985847,26.01951284,0.377631339
S-210725-00017,Agsoil,���^�X,�ޏ�-A,2022.03.25,��A��,B,1,,,,,232,232,232,232,232,232,232,232,248,268,278,278,278,278,283,318,354,475,536,657,677,677,702,743,814,970,1112,1127,1127,1137,1188,1213,1223,1218,1223,1223,1223,1228,1228,1228,1228,1228,1228,1208,1183,1117,1097,1087,1087,1087,1092,1092,1056,1021,991,965,232,232,900,869,,,,,,,,,,,,,,,,,,,,,,,,,,,,,,,26,0.232,2.446,21.90921409,1623.972102,20.87167475,25.08644407,0.525295652
S-210725-00018,Agsoil,���^�X,�ޏ�-A,2022.03.25,��A��,B,1,,,,,232,232,232,232,232,232,232,232,232,232,232,232,232,232,232,258,313,318,323,419,480,637,930,1203,1587,1653,1653,1653,1653,1612,1531,1526,1526,1526,1526,1526,1526,1537,1496,1466,1425,1370,1314,1243,1218,1188,1157,1132,1117,1117,1117,1117,1117,1117,1112,1112,232,232,1112,1112,,,,,,,,,,,,,,,,,,,,,,,,,,,,,,,51,0.232,2.548,37.63557858,14735.11442,30.28162643,50.08599061,0.116943921
S-210725-00019,Agsoil,���^�X,�ޏ�-A,2022.03.25,��A��,B,1,,,,,414,328,333,364,364,364,364,374,374,369,374,374,374,384,414,581,642,778,788,788,809,844,915,1006,1097,1147,1147,1173,1173,1173,1173,1168,1178,1173,1173,1178,1173,1173,1173,1173,1173,1173,1178,1178,1173,1173,1178,1173,1173,1173,1162,1127,1061,960,900,753,687,232,232,586,,,,,,,,,,,,,,,,,,,,,,,,,,,,,,,36,0.232,2.548,25.34283247,6073.482551,15.47921591,35.37828903,0.116387331
S-210725-00020,Agsoil,���^�X,�ޏ�-A,2022.03.25,��A��,B,1,,,,,232,293,293,303,303,328,339,354,369,389,389,389,389,455,500,505,561,576,606,637,672,799,864,1016,1026,1061,1061,1082,1097,1178,1243,1248,1248,1248,1248,1248,1248,1243,1193,1142,1056,1026,1016,1016,1016,1016,1016,1016,1016,1016,1016,1016,1016,1021,1021,1016,1016,1016,1016,1016,,,,,,,,,,,,,,,,,,,,,,,,,,,,,,,33,0.232,1.461,25.08746949,719.7156015,21.04904706,29.29159516,0.149104377
S-210725-00021,Agsoil,���^�X,�ޏ�-A,2022.03.25,��A��,B,2,,,,,232,232,232,232,232,232,232,232,232,232,232,232,232,232,232,263,288,333,339,379,379,445,541,763,1016,1051,1056,1061,1061,1061,1077,1142,1188,1233,1253,1253,1253,1253,1248,1228,1178,1147,1132,1132,1122,1107,1087,1082,1082,1066,1006,981,925,890,879,879,879,879,879,895,,,,,,,,,,,,,,,,,,,,,,,,,,,,,,,28.5,0.232,1.294,22.14030132,450.4432552,19.85272623,24.31574728,0.237955409
S-210725-00022,Agsoil,���^�X,�ޏ�-A,2022.03.25,��A��,B,2,,,,,232,232,232,232,232,232,232,237,258,278,278,313,318,323,323,379,465,551,647,738,859,1066,1188,1279,1279,1279,1279,1279,1279,1279,1279,1279,1329,1390,1390,1390,1390,1390,1390,1390,1390,1385,1390,1390,1390,1370,1314,1248,1198,1203,1213,1228,1228,1228,1228,1203,1152,1077,970,910,,,,,,,,,,,,,,,,,,,,,,,,,,,,,,,36,0.232,2.446,27.9467028,9235.570047,22.32668712,36,0.161921256
S-210725-00023,Agsoil,���^�X,�ޏ�-A,2022.03.25,��A��,B,2,,,,,232,232,232,232,232,232,232,232,232,232,232,232,232,232,232,248,303,313,344,394,440,505,738,879,975,1026,1071,1077,1087,1097,1097,1097,1097,1097,1097,1112,1117,1127,1132,1132,1132,1137,1142,1147,1147,1147,1127,1071,996,935,910,910,910,910,920,950,981,1031,1092,1279,,,,,,,,,,,,,,,,,,,,,,,,,,,,,,,30,0.232,1.259,22.82327167,365.0984404,20.87548638,24.87159533,0.257
S-210725-00024,Agsoil,���^�X,�ޏ�-A,2022.03.25,��A��,B,2,,,,,232,232,232,232,232,232,232,232,232,232,232,232,232,258,308,424,526,566,601,601,601,601,606,733,1056,1400,1501,1496,1496,1496,1496,1481,1405,1289,1259,1259,1243,1213,1137,1066,1001,975,925,910,910,910,900,874,788,738,672,672,232,232,708,1006,1198,1198,1203,1183,,,,,,,,,,,,,,,,,,,,,,,,,,,,,,,41,0.232,2.35,31.52360718,8763.842482,27.07035625,39.85082436,0.165721629
S-210725-00025,Agsoil,���^�X,�ޏ�-A,2022.03.25,��A��,B,2,,,,,232,232,232,232,232,232,232,232,232,232,232,232,232,232,232,232,288,288,293,293,293,349,440,571,859,1041,1137,1183,1213,1213,1213,1213,1213,1213,1213,1213,1213,1213,1213,1213,1213,1208,1213,1213,1213,1213,1213,1203,1162,1071,960,900,809,773,753,753,753,753,753,753,,,,,,,,,,,,,,,,,,,,,,,,,,,,,,,44,0.232,2.229,34.65973961,9061.889403,27.57040307,44,0.121548934
S-210725-00026,Agsoil,���^�X,�ޏ�-A,2022.03.25,��A��,B,3,,,,,232,232,232,232,242,268,273,273,293,293,293,293,303,318,318,339,354,359,369,389,394,399,424,591,682,1011,1147,1385,1521,1592,2108,2128,2133,2133,2077,1911,1779,1703,1628,1531,1430,1360,1334,1294,1259,1218,1188,1188,1188,1188,1188,1188,1188,1188,1188,1188,1183,1162,1157,1152,,,,,,,,,,,,,,,,,,,,,,,,,,,,,,,46.5,0.232,1.547,32.6878327,11911.71902,27.30534539,36.27615757,0.146586504
S-210725-00027,Agsoil,���^�X,�ޏ�-A,2022.03.25,��A��,B,3,,,,,232,232,232,232,232,232,232,232,232,232,237,263,273,273,288,333,510,601,642,642,682,758,839,925,1016,1102,1112,1112,1112,1112,1082,1051,1036,1041,1087,1410,1496,1531,1567,1552,1461,1355,1203,1102,1061,1041,1041,1036,1011,970,935,935,935,935,940,945,945,945,955,955,,,,,,,,,,,,,,,,,,,,,,,,,,,,,,,26,0.232,1.38,19.1315331,1253.035925,14.43480668,25.64445726,0.102411756
S-210725-00028,Agsoil,���^�X,�ޏ�-A,2022.03.25,��A��,B,3,,,,,409,409,414,419,419,419,419,419,424,424,470,490,490,515,561,576,596,601,637,662,702,824,1026,1066,1203,1218,1218,1218,1218,1248,1329,1425,1425,1425,1425,1425,1425,1425,1425,1425,1425,1425,1410,1344,1274,1132,1082,975,965,965,965,975,986,986,991,991,991,986,986,1001,,,,,,,,,,,,,,,,,,,,,,,,,,,,,,,26,0.232,1.562,20.23684211,312.1472368,19.25242718,21.83495146,0.515
S-210725-00029,Agsoil,���^�X,�ޏ�-A,2022.03.25,��A��,B,3,,,,,232,232,232,232,232,232,232,237,242,248,248,253,263,268,273,404,430,495,521,551,556,576,586,632,783,844,864,879,879,884,884,884,884,884,884,890,930,986,1006,1006,1006,1016,1077,1107,1112,1112,1112,1112,1112,1107,1102,1077,1031,960,874,839,788,788,788,788,,,,,,,,,,,,,,,,,,,,,,,,,,,,,,,42,0.232,2.512,31.59166667,13968.98208,22.59607522,42,0.117502002
S-210725-00030,Agsoil,���^�X,�ޏ�-A,2022.03.25,��A��,B,3,,,,,232,232,232,232,232,232,232,232,232,237,237,237,237,237,237,258,268,293,293,293,293,293,293,293,359,546,1031,1178,1441,1643,1804,1810,1804,1804,1769,1739,1552,1471,1425,1415,1415,1405,1385,1360,1324,1294,1289,1289,1289,1289,1289,1289,1284,1269,1228,1168,1122,1102,1066,1036,,,,,,,,,,,,,,,,,,,,,,,,,,,,,,,28.5,0.374,1.38,22.86083499,-956.2236551,18.76802764,25.05921644,0.159906185
S-210725-00031,Agsoil,���^�X,�ޏ�-A,2022.03.25,��A��,A,3,,,,,232,232,232,232,232,232,232,232,232,232,232,232,232,232,263,419,435,455,475,480,490,536,627,1001,1329,1547,1547,1612,1612,1612,1592,1496,1344,1279,1218,1203,1203,1203,1193,1157,1107,1087,1082,1082,1082,1077,1077,1077,1077,1077,1077,1082,232,232,1102,1122,1142,1142,1142,2254,,,,,,,,,,,,,,,,,,,,,,,,,,,,,,,25,0.232,2.153,23.42503904,686.2245311,22.92309148,25,0.924932408
S-210725-00032,Agsoil,���^�X,�ޏ�-A,2022.03.25,��A��,A,3,,,,,232,232,232,232,232,237,278,288,318,333,364,389,414,460,546,733,829,910,970,981,991,991,1046,1173,1334,1360,1360,1360,1360,1360,1360,1360,1360,1360,1360,1360,1360,1360,1339,1324,1324,1324,1324,1314,1284,1223,1183,1183,232,232,1183,1365,1451,1592,1663,1648,1577,1344,1284,1284,,,,,,,,,,,,,,,,,,,,,,,,,,,,,,,28,0.232,2.214,21.14631685,1659.676906,18.37358998,25.71076577,0.270131186
S-210725-00033,Agsoil,���^�X,�ޏ�-A,2022.03.25,��A��,A,3,,,,,232,232,232,232,232,232,232,232,232,232,232,232,232,232,232,232,232,232,232,232,323,323,430,718,1031,1274,1299,1299,1299,1299,1294,1269,1248,1193,1168,1132,1092,1046,1021,1021,1021,1026,1026,1077,1228,1430,1688,1749,1663,1476,1183,1142,1102,1102,1107,1097,1061,1026,996,996,,,,,,,,,,,,,,,,,,,,,,,,,,,,,,,33,0.232,1.946,25.50466744,1005.482633,22.84802432,28.05775076,0.329
S-210725-00034,Agsoil,���^�X,�ޏ�-A,2022.03.25,��A��,A,3,,,,,232,232,232,232,232,232,232,232,232,232,232,248,258,288,389,622,748,1011,1041,1066,1066,1066,1066,1071,1188,1334,1390,1425,1430,1425,1425,1420,1425,1410,1309,1218,1188,1178,1117,1061,1031,1031,1031,1031,1031,1036,1066,1097,1152,1193,1198,1188,1162,1127,1082,1026,991,925,874,859,,,,,,,,,,,,,,,,,,,,,,,,,,,,,,,25,0.232,1.511,19.80179828,1202.511043,16.11163102,25,0.143895916
S-210725-00035,Agsoil,���^�X,�ޏ�-A,2022.03.25,��A��,A,3,,,,,248,278,278,278,278,288,288,288,288,288,288,288,288,293,293,298,303,308,308,308,308,308,323,364,430,566,819,981,1077,1107,1107,1107,1107,1107,1107,1107,1107,1107,1107,1107,1107,1107,1107,1107,1107,1107,1107,1097,1061,991,935,895,874,874,874,874,869,874,879,895,,,,,,,,,,,,,,,,,,,,,,,,,,,,,,,28,0.232,2.512,23.65350877,1427.003596,21.64510166,25.85951941,0.541
S-210725-00036,Agsoil,���^�X,�ޏ�-A,2022.03.25,��A��,A,2,,,,,232,232,232,232,232,232,232,232,237,237,248,263,273,328,344,490,490,495,500,536,561,571,601,925,1208,1774,1951,1997,2017,2012,2012,1931,1820,1739,1734,1719,1587,1526,1471,1420,1385,1385,1385,1385,1385,1385,1385,1385,1385,1385,1385,1385,1385,1385,1385,1385,1385,1385,1385,1370,,,,,,,,,,,,,,,,,,,,,,,,,,,,,,,22.5,0.232,1.016,18.33928571,341.3195,15.91096799,22,0.128756098
S-210725-00037,Agsoil,���^�X,�ޏ�-A,2022.03.25,��A��,A,2,,,,,232,232,232,232,232,232,232,232,232,328,404,460,359,308,328,435,586,753,996,1122,1183,1183,1264,1162,1142,1223,1319,1420,1420,1420,1299,1173,1066,1056,1056,1056,1082,1162,1162,1188,1208,1198,1137,1117,1071,1046,1046,1046,1046,1051,1051,1046,1061,1152,1198,1198,1198,1198,1198,1198,,,,,,,,,,,,,,,,,,,,,,,,,,,,,,,45,0.232,1.931,35.90494408,8149.190673,28.68523743,45,0.104138812
S-210725-00038,Agsoil,���^�X,�ޏ�-A,2022.03.25,��A��,A,2,,,,,232,232,232,232,232,232,232,232,232,232,232,232,232,248,308,318,389,399,419,460,485,490,561,657,915,1284,1648,1875,2249,2254,2254,2254,2254,2249,2234,2067,1961,1926,1804,1643,1451,1441,1441,1435,1410,1350,1279,1223,1218,1218,1218,1218,1223,1218,1218,1218,1218,1218,1218,1218,,,,,,,,,,,,,,,,,,,,,,,,,,,,,,,31,0.232,1.622,27.11438849,2476.773112,25.7613967,31,0.2653379
S-210725-00039,Agsoil,���^�X,�ޏ�-A,2022.03.25,��A��,A,2,,,,,232,232,232,232,248,288,293,303,303,303,333,354,384,430,566,738,955,970,986,1006,1011,1011,1122,1147,1233,1350,1537,1567,1501,1471,1471,1461,1390,1289,1264,1355,1410,1324,1233,1218,1218,1218,1213,1208,1208,1208,1208,1208,1213,1233,1253,1370,1435,1435,1441,1425,1360,1324,1259,1203,,,,,,,,,,,,,,,,,,,,,,,,,,,,,,,28,0.232,1.617,24.11371841,694.7032175,23.4187679,26.50599282,0.448622967
S-210725-00040,Agsoil,���^�X,�ޏ�-A,2022.03.25,��A��,A,2,,,,,232,232,232,232,232,232,232,232,232,232,232,232,232,232,232,258,389,450,521,586,586,586,622,799,981,1233,1329,1350,1375,1375,1375,1375,1375,1375,1375,1375,1375,1375,1375,1375,1375,1375,1370,1375,1375,1375,1375,1375,1375,1390,1855,2017,1324,2325,2603,2608,2179,2649,2644,2639,,,,,,,,,,,,,,,,,,,,,,,,,,,,,,,25,0.232,1.597,21.53150183,777.6835211,20.46578217,24.48811628,0.339355201
S-210725-00041,Agsoil,���^�X,�ޏ�-A,2022.03.25,��A��,A,1,,,,,232,232,232,232,232,232,232,232,232,232,232,237,273,308,384,515,601,642,687,733,819,829,895,1082,1162,1162,1162,1162,1162,1162,1162,1162,1162,1162,1162,1162,1173,1178,1178,1178,1178,1178,1173,1173,1173,1173,1173,1173,1173,1173,1162,1112,1066,970,915,834,804,799,793,793,,,,,,,,,,,,,,,,,,,,,,,,,,,,,,,51,0.232,2.446,37.5564589,17890.00663,32.34339088,43.00970524,0.207569356
S-210725-00042,Agsoil,���^�X,�ޏ�-A,2022.03.25,��A��,A,1,,,,,232,232,232,232,232,232,232,232,232,232,232,232,232,232,232,237,288,323,404,409,435,435,450,465,566,819,1051,1193,1223,1223,1223,1223,1228,1324,1496,1628,1628,1622,1572,1481,1481,1481,1481,1461,1400,1400,1708,1769,1769,1622,1567,1405,1319,1425,1713,1713,1976,1992,1926,1749,,,,,,,,,,,,,,,,,,,,,,,,,,,,,,,27.5,0.232,1.077,19.69408284,1720.499771,16.41636691,26,0.088171155
S-210725-00043,Agsoil,���^�X,�ޏ�-A,2022.03.25,��A��,A,1,,,,,232,232,232,232,232,237,237,237,237,248,273,293,328,333,399,531,844,986,986,1026,1026,1026,1056,1238,1360,1496,1496,1496,1496,1506,1602,1617,1617,1622,1622,1622,1617,1622,1612,1542,1461,1430,1410,1400,1360,1344,1344,1344,1350,1350,1339,1324,1319,1319,1309,1274,1208,1112,1061,981,,,,,,,,,,,,,,,,,,,,,,,,,,,,,,,30,0.232,1.223,22.68466196,934.1720931,20.81314258,24.83870144,0.246176999
S-210725-00044,Agsoil,���^�X,�ޏ�-A,2022.03.25,��A��,A,1,,,,,242,303,389,389,394,394,419,430,430,430,430,445,450,470,515,586,591,611,687,758,1041,1127,1334,1405,1415,1511,1557,1552,1496,1471,1476,1481,1491,1526,1557,1597,1602,1597,1577,1572,1567,1572,1572,2012,232,232,232,232,232,232,232,232,232,232,232,232,232,232,232,232,,,,,,,,,,,,,,,,,,,,,,,,,,,,,,,29.5,0.232,1.279,20.83619866,496.2326535,18.58685856,24.52300323,0.176377103
S-210725-00045,Agsoil,���^�X,�ޏ�-A,2022.03.25,��A��,A,1,,,,,232,232,232,232,232,232,232,232,237,242,248,253,253,258,298,596,783,864,905,975,1112,1218,1405,1754,1926,2138,2163,2204,2199,2093,1860,1688,1617,1607,1607,1607,1607,1607,1612,1612,2173,2598,2082,232,232,232,232,232,232,232,232,232,232,232,232,232,232,232,232,232,,,,,,,,,,,,,,,,,,,,,,,,,,,,,,,25,0.232,1.511,19.80179828,1202.511043,16.11163102,25,0.143895916
S-210630-00001,Agsoil,���^�X,�ޏ�-B,2022.03.25,��A��,C,1,,,,,232,232,232,232,232,232,232,232,232,232,232,232,232,232,232,232,374,399,399,399,399,399,455,632,844,1218,1400,1744,1769,1769,1769,1769,1749,1708,1668,1622,1607,1607,1587,1572,1562,1562,1562,1562,1562,1562,1562,1567,1567,1572,1617,2441,2588,232,232,232,232,232,232,232,,,,,,,,,,,,,,,,,,,,,,,,,,,,,,,36,0.232,2.123,28.00872554,915.8670514,24.6575397,30.0588002,0.350103462
S-210630-00002,Agsoil,���^�X,�ޏ�-B,2022.03.25,��A��,C,1,,,,,232,232,232,232,232,232,232,232,232,232,232,232,232,232,232,232,232,232,232,232,232,232,232,232,258,308,470,702,895,1117,1299,1350,1375,1597,1729,1729,1729,1749,1764,1784,1901,1936,1966,1966,1966,1966,1961,1951,1936,1926,1926,1936,2623,232,232,232,232,232,232,232,,,,,,,,,,,,,,,,,,,,,,,,,,,,,,,30.5,0.232,1.531,26.72709777,78.12105793,25.47122302,27.80755396,0.556
S-210630-00003,Agsoil,���^�X,�ޏ�-B,2022.03.25,��A��,C,1,,,,,232,232,232,232,232,232,237,232,232,232,232,232,232,232,232,263,399,642,733,799,804,804,804,804,804,879,996,1092,1228,1334,1334,1334,1334,1334,1329,1309,1289,1284,1289,1405,1572,1557,1420,1299,1117,1001,940,920,879,844,834,834,834,834,900,2457,359,232,232,232,,,,,,,,,,,,,,,,,,,,,,,,,,,,,,,32.5,0.232,1.83,26.9543179,223.8997603,25.10862125,29.18666471,0.391854578
S-210630-00004,Agsoil,���^�X,�ޏ�-B,2022.03.25,��A��,C,1,,,,,232,232,232,232,232,253,263,273,273,273,273,268,253,253,253,248,253,374,409,409,414,445,455,490,647,1031,1132,1486,1607,2133,2315,2573,2623,232,232,232,232,232,232,232,232,232,232,232,232,232,232,232,232,232,232,232,232,232,232,232,232,232,232,232,,,,,,,,,,,,,,,,,,,,,,,,,,,,,,,33,0.232,1.279,28.23256925,260.6057194,24.90647598,31.02645432,0.171079037
S-210630-00005,Agsoil,���^�X,�ޏ�-B,2022.03.25,��A��,C,1,,,,,232,232,232,232,232,232,232,232,232,232,232,232,232,232,248,480,566,571,632,687,692,753,1097,1370,1552,1840,1840,1845,1815,1719,1587,1537,1521,1521,1521,1521,1506,1491,1430,1365,1304,1264,1228,1208,1208,1208,1208,1208,1208,1208,1218,1228,2628,2628,1461,232,232,232,232,232,,,,,,,,,,,,,,,,,,,,,,,,,,,,,,,32,0.232,1.547,27.1851711,547.1717918,23.32518832,30.48888967,0.183564325
S-210630-00006,Agsoil,���^�X,�ޏ�-B,2022.03.25,��A��,C,2,,,,,232,232,232,232,232,232,232,232,232,232,232,232,232,232,232,232,232,232,232,232,232,232,242,253,258,298,505,991,1147,1653,1946,2037,2037,2037,2037,2037,2037,2062,2168,2163,2168,2163,2133,2077,2017,1936,1830,1779,1693,1648,1607,1587,1587,1582,1622,1653,1678,1769,2633,2623,,,,,,,,,,,,,,,,,,,,,,,,,,,,,,,28,0.232,1.612,22.90434783,382.5836957,20.22807325,26.31609537,0.226674603
S-210630-00007,Agsoil,���^�X,�ޏ�-B,2022.03.25,��A��,C,2,,,,,232,232,232,232,232,232,232,232,232,232,232,232,232,232,232,242,354,435,475,536,591,601,541,536,708,1259,1461,1582,1582,1582,1562,1511,1446,1415,1415,1415,1415,1410,1410,1410,1380,1350,1329,1324,1324,1324,1324,1324,1329,1360,1360,1360,1360,1360,1360,1370,1663,232,232,232,,,,,,,,,,,,,,,,,,,,,,,,,,,,,,,35.5,0.232,1.769,24.50520494,642.630168,21.62729431,25.80867127,0.367582262
S-210630-00008,Agsoil,���^�X,�ޏ�-B,2022.03.25,��A��,C,2,,,,,232,232,232,232,232,232,232,232,232,232,232,232,232,232,232,232,232,232,232,232,237,237,242,288,460,713,884,960,1011,1102,1218,1228,1228,1228,1233,1279,1294,1405,1430,1420,1350,1314,1228,1183,1178,1188,1188,1188,1188,1203,1253,1375,1531,2123,2366,2254,232,232,232,232,,,,,,,,,,,,,,,,,,,,,,,,,,,,,,,25,0.232,1.183,22.4831756,89.52829048,20.92579505,24.28621908,0.283
S-210630-00009,Agsoil,���^�X,�ޏ�-B,2022.03.25,��A��,C,2,,,,,232,232,232,232,232,232,232,232,232,232,232,232,232,232,237,465,561,606,617,617,611,606,617,733,1117,1537,1582,1612,1612,1612,1612,1577,1486,1365,1324,1324,1324,1319,1314,1309,1274,1269,1269,1269,1269,1274,1274,1274,1274,1274,1274,1274,1274,1289,1451,2396,2522,2527,2512,2472,,,,,,,,,,,,,,,,,,,,,,,,,,,,,,,27,0.232,1.567,24.75018727,43.99562266,23.71257485,25.71107784,0.668
S-210630-00010,Agsoil,���^�X,�ޏ�-B,2022.03.25,��A��,C,2,,,,,232,232,232,232,232,232,232,232,232,232,232,232,232,232,232,232,232,232,232,232,232,232,232,232,232,232,232,232,232,232,232,232,232,232,232,232,232,232,232,232,232,232,232,232,232,232,232,232,232,232,232,232,232,232,232,232,232,232,232,526,,,,,,,,,,,,,,,,,,,,,,,,,,,,,,,36,0.232,1.992,31.08125,2775.199062,28.10847767,36,0.223024142
S-210630-00011,Agsoil,���^�X,�ޏ�-B,2022.03.25,��A��,C,3,,,,,232,232,232,232,232,232,232,232,232,232,232,232,232,232,232,232,232,232,232,232,232,232,232,232,232,606,672,1299,1678,1678,1678,1673,1668,1668,1668,1668,1658,1617,1567,1496,1441,1425,1425,1425,1425,1425,1425,1425,1425,1425,1425,1425,1430,2628,232,232,232,232,232,232,,,,,,,,,,,,,,,,,,,,,,,,,,,,,,,31,0.232,1.739,23.96914399,363.7705098,23.29069712,25.61763428,0.647632443
S-210630-00012,Agsoil,���^�X,�ޏ�-B,2022.03.25,��A��,C,3,,,,,232,232,232,232,232,232,232,232,232,232,232,232,232,232,232,303,430,546,556,556,556,556,556,556,556,799,1061,1441,1779,1789,1789,1789,1789,1764,1678,1552,1441,1324,1228,1228,1228,1228,1228,1228,1228,1228,1228,232,232,1228,1228,1228,1228,1228,1228,1228,1218,1173,1127,1061,,,,,,,,,,,,,,,,,,,,,,,,,,,,,,,34.5,0.232,1.643,26.62615167,288.6740002,24.08596037,28.19331679,0.343529963
S-210630-00013,Agsoil,���^�X,�ޏ�-B,2022.03.25,��A��,C,3,,,,,232,232,232,232,232,232,232,232,232,232,232,232,232,232,232,232,232,232,232,232,232,232,232,232,232,308,586,970,1193,1243,1304,1380,1395,1405,1451,1451,1451,1451,1451,1451,1451,1451,1451,1451,1451,1542,1688,1835,1875,1880,1804,2204,232,232,232,232,232,232,232,232,,,,,,,,,,,,,,,,,,,,,,,,,,,,,,,26,0.232,1.43,23.49415693,106.3394549,22.32842105,24.85052632,0.475
S-210630-00014,Agsoil,���^�X,�ޏ�-B,2022.03.25,��A��,C,3,,,,,232,232,232,232,232,232,232,232,232,232,232,232,232,232,237,354,424,424,424,440,475,490,606,632,682,793,804,981,1071,1294,1425,1941,2093,2032,1658,1355,1223,1046,1026,1112,1350,1491,1501,1486,1501,1491,1491,1496,1537,1628,1759,1835,1936,1966,2012,2113,2158,2158,2158,2158,,,,,,,,,,,,,,,,,,,,,,,,,,,,,,,46,0.232,2.436,37.94646098,4906.10112,32.79315476,46,0.166883155
S-210630-00015,Agsoil,���^�X,�ޏ�-B,2022.03.25,��A��,C,3,,,,,232,232,232,232,232,232,232,232,232,232,232,232,232,232,232,232,232,232,232,232,232,232,232,232,424,996,1400,1713,1901,2118,2189,2204,2199,2199,2199,2204,2204,2204,2199,2204,2199,2199,2158,2093,1951,1779,1683,1643,1612,1542,1415,1350,1269,1269,1274,2623,2305,232,232,232,,,,,,,,,,,,,,,,,,,,,,,,,,,,,,,36,0.232,2.082,26.67243243,609.1622027,24.03362564,28.00649802,0.465658048
S-210630-00016,Agsoil,���^�X,�ޏ�-B,2022.03.25,��A��,A,3,,,,,232,232,232,232,232,232,232,232,232,232,232,232,232,232,232,232,232,232,232,232,263,384,384,556,723,1016,1193,1208,1269,1269,1269,1269,1264,1284,1360,1370,1552,1794,1845,1870,1870,1885,1860,1708,1612,1562,1567,1567,1577,2497,232,232,232,232,232,232,232,232,232,232,,,,,,,,,,,,,,,,,,,,,,,,,,,,,,,31.5,0.232,1.122,27.30561798,69.35109551,26.27972028,28.35431235,0.429
S-210630-00017,Agsoil,���^�X,�ޏ�-B,2022.03.25,��A��,A,3,,,,,232,232,232,232,232,232,232,232,232,232,232,232,232,232,232,232,232,237,268,278,374,546,667,1531,1956,2618,232,232,232,232,232,232,232,232,232,232,232,232,232,232,232,232,232,232,232,232,232,232,232,232,232,232,232,232,232,232,232,232,232,232,,,,,,,,,,,,,,,,,,,,,,,,,,,,,,,28,0.232,1.476,23.10048232,213.1089855,21.47175141,24.98587571,0.354
S-210630-00018,Agsoil,���^�X,�ޏ�-B,2022.03.25,��A��,A,3,,,,,232,232,232,232,232,232,232,232,232,232,232,232,232,232,237,237,278,283,283,283,349,849,1112,2072,2401,2608,2608,2623,2623,2623,2573,2431,2386,2386,2386,2467,2467,2467,2467,2446,2376,2376,2376,2376,2361,2285,2108,1986,1855,1698,2628,232,232,232,232,232,232,232,232,232,,,,,,,,,,,,,,,,,,,,,,,,,,,,,,,35,0.232,1.693,28.56297057,351.7195854,25.37795502,31.35695312,0.244355321
S-210630-00019,Agsoil,���^�X,�ޏ�-B,2022.03.25,��A��,A,3,,,,,232,232,232,232,232,232,232,232,232,232,232,232,232,232,232,232,232,384,505,576,591,601,606,728,920,1521,1597,1648,1764,1901,1901,1901,1845,1713,1658,1658,1658,1658,1648,1643,1643,1648,1703,1739,1739,1724,1703,1698,1901,2623,232,232,232,232,232,232,232,232,232,232,,,,,,,,,,,,,,,,,,,,,,,,,,,,,,,34.5,0.232,1.597,28.44285714,200.5783929,26.37494073,29.8152871,0.396762376
S-210630-00020,Agsoil,���^�X,�ޏ�-B,2022.03.25,��A��,A,3,,,,,232,232,232,232,232,232,232,232,232,232,232,232,232,232,232,232,232,232,232,232,232,232,232,232,232,242,672,920,1162,1264,1274,1264,1269,1274,1274,1274,1274,1274,1274,1274,1274,1274,1274,1274,1269,1274,1274,1274,1274,1274,1274,1274,1274,1274,1279,2628,232,232,232,232,,,,,,,,,,,,,,,,,,,,,,,,,,,,,,,34.5,0.232,1.415,28.27599324,58.7096604,26.95928092,29.25312254,0.515728718
S-210630-00021,Agsoil,���^�X,�ޏ�-B,2022.03.25,��A��,A,2,,,,,232,232,232,232,232,232,232,232,232,232,232,237,232,232,232,308,339,339,339,374,374,394,561,637,773,1011,1208,1461,1602,1607,1622,1622,1622,1622,1617,1622,1622,1622,1622,1622,1622,1622,1622,1622,1633,1658,1663,1663,1663,1663,1663,1663,1668,232,232,1703,2628,232,232,232,,,,,,,,,,,,,,,,,,,,,,,,,,,,,,,34.5,0.232,1.284,28.06273764,675.6139658,26.01241958,29.88904124,0.271370304
S-210630-00022,Agsoil,���^�X,�ޏ�-B,2022.03.25,��A��,A,2,,,,,232,232,232,232,232,232,232,232,232,232,232,232,232,232,232,232,232,232,232,232,232,232,232,232,374,1259,1451,1572,1572,1572,1572,1572,1572,1567,1526,1451,1441,1430,1390,1360,1319,1279,1274,1274,1274,1274,1274,1269,1269,1269,1269,1259,1243,1228,1228,2628,232,232,232,232,,,,,,,,,,,,,,,,,,,,,,,,,,,,,,,36,0.232,1.041,29.98825711,497.3451721,26.77304965,32.5106383,0.141
S-210630-00023,Agsoil,���^�X,�ޏ�-B,2022.03.25,��A��,A,2,,,,,232,232,232,232,232,232,232,232,232,232,232,232,232,232,258,647,677,728,773,849,879,1001,1021,1026,1036,1041,1036,1041,1041,1041,1041,1041,1041,1041,1041,1137,1729,1880,2406,2618,232,232,232,232,232,232,232,232,232,232,232,232,232,232,232,232,232,232,232,232,,,,,,,,,,,,,,,,,,,,,,,,,,,,,,,32,0.232,1.678,26.03665284,508.12337,24.28395062,28.74691358,0.324
S-210630-00024,Agsoil,���^�X,�ޏ�-B,2022.03.25,��A��,A,2,,,,,232,232,232,232,232,232,232,232,232,232,232,232,232,232,232,232,232,232,232,232,232,232,232,232,232,232,232,263,667,895,1097,1198,1203,1213,1269,1592,1663,1683,1729,1729,1724,1724,1688,1617,1481,1360,1299,2108,232,232,232,232,232,232,232,232,232,232,232,232,,,,,,,,,,,,,,,,,,,,,,,,,,,,,,,37,0.232,1.643,30.27462792,329.113334,27.86339909,31.64269095,0.373350366
S-210630-00025,Agsoil,���^�X,�ޏ�-B,2022.03.25,��A��,A,2,,,,,232,232,232,232,232,232,232,232,232,232,232,232,232,323,450,515,546,627,627,627,657,677,677,713,996,1264,1395,1420,1430,1441,1441,1441,1441,1430,1441,1451,1456,1456,1456,1456,1486,1607,1612,1612,1547,1476,1476,2310,2618,232,232,232,232,232,232,232,232,232,232,232,,,,,,,,,,,,,,,,,,,,,,,,,,,,,,,41,0.232,2.522,33.94934498,6743.463701,29.24402875,41,0.194794624
S-210630-00026,Agsoil,���^�X,�ޏ�-B,2022.03.25,��A��,A,1,,,,,232,232,232,232,232,232,232,232,232,232,232,232,232,232,232,232,232,232,232,232,232,232,232,232,232,232,232,298,435,763,1071,1405,1461,1537,1577,1597,1597,1592,1597,1597,1597,1597,1597,1612,1911,2173,2618,2345,1820,1516,1228,986,819,728,718,718,758,890,996,1016,,,,,,,,,,,,,,,,,,,,,,,,,,,,,,,31,0.232,2.613,27.12158757,872.0217699,25.42381786,29.59369527,0.571
S-210630-00027,Agsoil,���^�X,�ޏ�-B,2022.03.25,��A��,A,1,,,,,232,232,232,232,232,232,232,232,232,232,232,232,232,232,232,268,404,460,490,505,541,556,647,733,935,1178,1218,1218,1269,1405,1547,1552,1552,1552,1552,1552,1552,1592,1612,1799,2042,2123,2184,2189,2184,2184,2168,2093,1906,1744,1607,1531,1516,1516,1567,1703,1865,2017,2285,2628,,,,,,,,,,,,,,,,,,,,,,,,,,,,,,,32,0.232,2.275,30.00709741,345.7151044,29.03023277,32,0.687932703
S-210630-00028,Agsoil,���^�X,�ޏ�-B,2022.03.25,��A��,A,1,,,,,232,232,232,232,232,232,232,232,232,232,232,232,232,232,232,232,232,232,232,232,232,232,232,232,232,232,232,359,460,1147,1339,1461,1516,1516,1516,1516,1516,1516,1521,1537,1542,1542,1531,1496,1496,1496,1496,1491,1461,1425,1309,1233,1107,1061,1036,1021,1021,1021,1021,1021,,,,,,,,,,,,,,,,,,,,,,,,,,,,,,,31,0.232,2.295,26.61488124,1424.556407,22.49705576,31,0.242621843
S-210630-00029,Agsoil,���^�X,�ޏ�-B,2022.03.25,��A��,A,1,,,,,232,232,232,232,232,232,232,232,232,232,232,258,278,364,440,505,541,581,677,677,677,677,697,708,708,788,1132,1678,1835,1926,1936,1936,1936,1941,1936,1906,1880,1865,232,232,1845,1835,1820,1794,1749,1668,1633,1622,1617,1617,1587,1542,1451,1441,1446,1446,1451,1491,1531,1612,,,,,,,,,,,,,,,,,,,,,,,,,,,,,,,29.5,0.232,1.092,26.31976744,46.00819767,24.98569502,27.44615152,0.349528634
S-210630-00030,Agsoil,���^�X,�ޏ�-B,2022.03.25,��A��,A,1,,,,,232,232,232,232,232,232,232,232,232,232,232,232,232,232,232,232,232,232,232,232,232,232,232,232,232,232,333,884,1147,1157,1208,1208,1208,1218,1228,1253,1289,1446,1486,1491,1491,1496,1491,1491,1496,1496,1496,1496,1496,1496,1491,1491,1486,1486,1486,1486,1486,1491,1531,1592,,,,,,,,,,,,,,,,,,,,,,,,,,,,,,,24,0.232,1.446,23.35337727,22.55455766,22.90925427,24,1.113
S-210630-00031,Agsoil,���^�X,�ޏ�-B,2022.03.25,��A��,B,1,,,,,232,232,232,232,232,232,232,232,232,232,232,232,232,232,232,232,232,232,232,232,248,248,248,248,248,248,318,733,996,1183,1193,1193,1193,1208,1253,1259,1259,1259,1284,1355,1410,1506,1683,1683,1683,1683,1683,1683,1683,1683,232,232,232,232,232,232,232,232,232,232,,,,,,,,,,,,,,,,,,,,,,,,,,,,,,,30,0.232,1.668,25.27437326,64.3478468,23.97413537,26.2954857,0.618605464
S-210630-00032,Agsoil,���^�X,�ޏ�-B,2022.03.25,��A��,B,1,,,,,232,232,232,232,232,232,232,232,232,232,232,237,232,232,232,566,687,687,687,687,687,687,814,1082,1248,1446,1496,1526,1526,1526,1526,1516,1476,1420,1385,1380,1380,1415,1435,1435,1435,1435,1435,1435,1435,1435,1425,1441,1466,2623,232,232,232,232,232,232,232,232,232,232,,,,,,,,,,,,,,,,,,,,,,,,,,,,,,,26,0.232,1.087,21.49883041,103.1836915,20.03533569,23.0565371,0.283
S-210630-00033,Agsoil,���^�X,�ޏ�-B,2022.03.25,��A��,B,1,,,,,232,232,232,232,232,232,232,232,232,232,232,232,232,232,232,232,232,232,232,248,303,323,349,349,349,349,349,359,748,1243,1552,1729,1810,1739,1562,1420,1410,1410,1415,1476,1486,1486,1486,232,232,1486,1486,1547,2032,232,232,232,232,232,232,232,232,232,232,232,,,,,,,,,,,,,,,,,,,,,,,,,,,,,,,29,0.232,1.279,23.56876791,69.30218553,22.17674419,24.61162791,0.43
S-210630-00034,Agsoil,���^�X,�ޏ�-B,2022.03.25,��A��,B,1,,,,,232,232,232,232,232,232,232,232,232,232,232,232,232,232,308,465,500,515,541,546,546,546,546,566,672,890,915,1016,1046,1061,1107,1127,1132,1147,1658,1850,2088,1870,1653,1471,1360,1405,2371,232,232,232,232,232,232,232,232,232,232,232,232,232,232,232,232,232,,,,,,,,,,,,,,,,,,,,,,,,,,,,,,,29,0.232,1.971,24.89390454,320.4495194,22.60871645,27.14870266,0.383040811
S-210630-00035,Agsoil,���^�X,�ޏ�-B,2022.03.25,��A��,B,1,,,,,232,232,232,232,232,232,232,232,232,232,232,232,232,232,232,232,232,232,232,232,232,237,232,232,232,232,232,465,778,910,1021,1021,1021,1021,1026,1026,1061,1087,1092,1087,1092,1087,1087,1087,1087,1087,1284,2158,2573,232,232,232,232,232,232,232,232,232,232,232,,,,,,,,,,,,,,,,,,,,,,,,,,,,,,,25.5,0.232,1.168,22.12286325,42.07153632,20.89691245,22.99452002,0.446222645
S-210630-00036,Agsoil,���^�X,�ޏ�-B,2022.03.25,��A��,B,2,,,,,232,232,232,232,232,232,232,232,232,232,232,232,232,232,232,268,344,354,354,389,470,551,647,920,1537,2047,2507,2532,2623,2623,2623,2623,2623,2598,2558,2522,2522,2522,2492,2431,2300,2179,2325,2628,232,232,232,232,232,232,232,232,232,232,232,232,232,232,232,232,,,,,,,,,,,,,,,,,,,,,,,,,,,,,,,34,0.232,2.623,28.40129653,674.197049,25.85306122,30.73265306,0.49
S-210630-00037,Agsoil,���^�X,�ޏ�-B,2022.03.25,��A��,B,2,,,,,232,232,232,232,232,232,232,232,232,232,232,232,232,232,232,232,232,232,232,232,232,232,232,232,232,232,232,526,1016,1486,1719,1784,1794,1799,1789,1789,1789,1789,1789,1789,1789,1789,1789,1789,1789,1789,1789,1789,1754,1713,1708,2239,2300,2305,2628,232,232,232,232,232,,,,,,,,,,,,,,,,,,,,,,,,,,,,,,,27,0.232,2.618,23.63537301,149.4042259,22,25.07222195,0.776636597
S-210630-00038,Agsoil,���^�X,�ޏ�-B,2022.03.25,��A��,B,2,,,,,232,232,232,232,232,232,232,232,232,232,232,232,232,232,232,232,232,333,460,531,536,536,536,536,536,566,824,1066,1178,1238,2441,232,232,232,232,232,232,232,232,232,232,232,232,232,232,232,232,232,232,232,232,232,232,232,232,232,232,232,232,232,,,,,,,,,,,,,,,,,,,,,,,,,,,,,,,43,0.232,1.901,35.30227681,5998.330817,30.77130215,43,0.136482234
S-210630-00039,Agsoil,���^�X,�ޏ�-B,2022.03.25,��A��,B,2,,,,,232,232,232,232,232,232,232,232,232,232,232,232,232,232,232,232,232,232,232,232,232,232,248,258,278,283,283,283,318,596,1006,1248,1365,1395,1400,1400,1400,1400,1400,1400,1400,1400,1400,1400,1400,1400,1400,1446,1466,1466,1466,1466,1466,1456,1420,1319,1203,1157,1122,1117,,,,,,,,,,,,,,,,,,,,,,,,,,,,,,,26,0.232,1.85,23.47651422,160.831877,22.29181099,25.15202628,0.565691684
S-210630-00040,Agsoil,���^�X,�ޏ�-B,2022.03.25,��A��,B,2,,,,,232,232,232,232,232,232,232,232,232,232,232,232,232,232,293,485,526,561,591,657,748,895,986,1046,1137,1486,1496,1501,1516,1693,1875,1971,1971,1971,1971,1971,1956,1890,1794,1703,1582,1526,1521,1526,2017,2022,2022,2012,2012,1976,1885,1799,1703,1663,2633,232,232,232,232,232,,,,,,,,,,,,,,,,,,,,,,,,,,,,,,,40,0.232,2.098,34.1221865,3664.462574,30.78662878,40,0.202531729
S-210630-00041,Agsoil,���^�X,�ޏ�-B,2022.03.25,��A��,B,3,,,,,232,232,232,232,232,232,232,232,232,232,232,232,232,232,258,748,915,1016,1016,1016,1021,1016,1082,1233,1334,1425,1425,1390,1304,1228,1162,1157,1157,1152,1152,1152,1147,1127,1102,1046,960,869,839,804,2179,2361,2345,232,232,232,232,232,232,232,232,232,232,232,232,232,,,,,,,,,,,,,,,,,,,,,,,,,,,,,,,35,0.232,2.381,29.70893439,205.392673,27.81583477,31.51462995,0.581
S-210630-00042,Agsoil,���^�X,�ޏ�-B,2022.03.25,��A��,B,3,,,,,232,232,232,232,232,232,232,232,232,232,232,232,232,232,232,232,232,232,232,232,232,232,232,232,232,232,232,232,359,697,1071,1168,1203,1233,1233,1233,1233,1213,1168,1082,965,935,925,890,874,869,864,864,864,864,864,869,900,2628,359,232,232,232,232,232,,,,,,,,,,,,,,,,,,,,,,,,,,,,,,,31.5,0.232,2.33,28.07959962,144.4768432,26.5886793,29.47480244,0.726926711
S-210630-00043,Agsoil,���^�X,�ޏ�-B,2022.03.25,��A��,B,3,,,,,232,232,232,232,232,232,232,232,232,232,232,232,232,232,232,232,232,237,293,323,349,359,399,470,713,1501,1719,1719,1719,1890,1895,1713,1511,1400,1400,1400,1400,1405,1405,1430,1446,1521,1531,1531,1531,1531,2391,232,232,232,232,232,232,232,232,232,232,232,232,232,,,,,,,,,,,,,,,,,,,,,,,,,,,,,,,39,0.232,2.27,30.47154073,520.4789681,27.83135252,32.23376205,0.462928309
S-210630-00044,Agsoil,���^�X,�ޏ�-B,2022.03.25,��A��,B,3,,,,,232,232,232,232,232,232,232,232,232,232,232,232,232,232,232,232,232,232,232,232,273,293,298,298,298,298,328,409,566,890,1097,1157,1168,1173,1173,1173,1173,1152,1127,1087,1046,1041,1041,1041,1021,960,890,839,819,799,793,895,2391,2391,2391,2401,1901,232,232,232,,,,,,,,,,,,,,,,,,,,,,,,,,,,,,,27,0.232,1.329,24.48359161,156.4474825,22.39258297,26.77637561,0.250239939
S-210630-00045,Agsoil,���^�X,�ޏ�-B,2022.03.25,��A��,B,3,,,,,232,232,232,232,232,232,232,232,232,232,232,232,232,232,232,364,460,495,531,531,531,531,531,531,531,551,571,622,879,1173,1334,1365,1471,1486,1521,1764,1986,1992,1992,2012,2330,2623,232,232,232,232,232,232,232,232,232,232,232,232,232,232,232,232,232,232,,,,,,,,,,,,,,,,,,,,,,,,,,,,,,,31,0.232,1.643,26.91247342,194.7937734,24.65426108,29.0099541,0.323943858
S-210725-00046,Agsoil,���^�X,�ޏ�-C,2022.03.25,��A��,C,1,,,,,232,232,232,232,232,232,232,232,232,232,232,232,333,424,465,475,495,505,526,541,551,475,470,475,485,596,1112,1516,1668,1683,1784,1784,1784,1784,1784,1784,1784,1784,1784,1784,1784,1784,1784,1784,1784,1784,1810,1830,2002,2057,2057,2037,2027,2027,2027,2027,2027,2027,2027,2027,,,,,,,,,,,,,,,,,,,,,,,,,,,,,,,28.5,0.258,1.481,14.84505315,5007.917129,7.888222871,25.14277929,0.070879829
S-210725-00047,Agsoil,���^�X,�ޏ�-C,2022.03.25,��A��,C,1,,,,,232,232,232,232,232,232,232,232,232,232,232,369,839,1183,1360,1612,1612,1622,1622,1622,1628,1951,1956,2002,2002,2012,2012,2012,2012,2012,2002,1981,1880,1749,1713,1713,1734,2502,2659,2588,2593,2644,2623,2497,2497,2497,2497,2497,2507,2497,2487,2467,2441,2411,2411,2411,2411,2406,2355,2270,,,,,,,,,,,,,,,,,,,,,,,,,,,,,,,21,0.232,0.753,16.02207294,45.31405806,14.64596273,17.88198758,0.161
S-210725-00048,Agsoil,���^�X,�ޏ�-C,2022.03.25,��A��,C,1,,,,,232,232,232,232,232,232,232,232,232,232,232,369,839,1183,1360,1612,1612,1622,1622,1622,1628,1951,1956,2002,2002,2012,2012,2012,2012,2012,2002,1981,1880,1749,1713,1713,1734,2502,2659,2588,2593,2644,2623,2497,2497,2497,2497,2497,2507,2497,2487,2467,2441,2411,2411,2411,2411,2406,2355,2270,,,,,,,,,,,,,,,,,,,,,,,,,,,,,,,30.5,0.232,1.673,24.76162387,915.24264,23.46449083,27.6163871,0.347070328
S-210725-00049,Agsoil,���^�X,�ޏ�-C,2022.03.25,��A��,C,1,,,,,232,232,232,232,232,232,232,232,232,232,232,232,298,409,424,445,465,470,475,561,667,763,814,814,814,1137,1521,1981,2366,2441,2502,2502,2502,2502,2502,2502,2512,2512,2517,2593,2598,2598,2598,2598,2593,2578,2573,2573,2583,2639,2649,2644,2649,2639,2487,2406,2381,2381,2406,2633,,,,,,,,,,,,,,,,,,,,,,,,,,,,,,,37,0.232,1.051,21.11294261,531.3958904,16.00240195,25.50278334,0.086207065
S-210725-00050,Agsoil,���^�X,�ޏ�-C,2022.03.25,��A��,C,1,,,,,232,232,232,232,232,232,232,232,232,242,369,652,986,1334,1597,1683,1744,1885,1885,1885,1875,1951,1830,1845,2082,2163,2507,2441,2441,2462,2467,2355,2573,2487,2517,2603,2669,2669,2679,2684,2684,2684,2684,2684,2684,2684,2684,2684,2684,2684,2684,2684,2684,2684,2684,2669,2548,2396,2315,2300,,,,,,,,,,,,,,,,,,,,,,,,,,,,,,,29.5,0.232,1.294,23.46327684,381.5918898,22.33152362,25.77074925,0.308790441
S-210725-00051,Agsoil,���^�X,�ޏ�-C,2022.03.25,��A��,C,2,,,,,232,232,232,232,232,232,232,232,232,232,232,248,354,647,960,1253,1375,1506,1506,1511,1511,1496,1587,1941,2108,2457,2457,2457,2457,2441,2446,2537,232,232,232,232,232,232,232,232,232,232,232,232,232,232,232,232,232,232,232,232,232,232,232,232,232,232,232,232,,,,,,,,,,,,,,,,,,,,,,,,,,,,,,,28.5,0.232,1.046,20.94226044,654.198812,17.27537733,26.2197638,0.091006801
S-210725-00052,Agsoil,���^�X,�ޏ�-C,2022.03.25,��A��,C,2,,,,,232,232,232,232,232,232,232,232,232,232,232,232,232,232,283,328,465,485,510,510,510,510,510,510,510,546,890,1046,1223,2022,2219,2548,232,232,232,232,232,232,232,232,232,232,232,232,232,232,232,232,232,232,232,232,232,232,232,232,232,232,232,232,,,,,,,,,,,,,,,,,,,,,,,,,,,,,,,31,0.232,1.294,23.73446328,481.5444322,22.55127853,26.32320665,0.281553616
S-210725-00053,Agsoil,���^�X,�ޏ�-C,2022.03.25,��A��,C,2,,,,,232,232,232,232,232,232,232,232,232,369,419,414,1021,1350,1693,1799,1895,1901,1901,1901,1885,1749,1587,1511,1471,1471,1531,1542,1547,1547,1471,1370,1248,1178,1168,1157,1157,1208,1410,1476,1739,1830,2123,2148,2487,2628,2649,2649,2649,2608,2548,2548,2553,2568,2644,2639,2598,2416,2320,2118,,,,,,,,,,,,,,,,,,,,,,,,,,,,,,,26.5,0.232,1.253,19.44906954,610.3068308,17.12914433,23.27068494,0.166244932
S-210725-00054,Agsoil,���^�X,�ޏ�-C,2022.03.25,��A��,C,2,,,,,232,232,232,232,232,232,232,232,232,232,313,318,374,440,556,606,611,611,611,611,611,611,611,591,531,500,879,2649,2674,2684,232,232,232,232,232,232,232,232,232,232,232,232,232,232,232,232,232,232,232,232,232,232,232,232,232,232,232,232,232,232,,,,,,,,,,,,,,,,,,,,,,,,,,,,,,,26,0.232,0.92,21.85174419,324.9678953,20.4820815,24.70727157,0.162832911
S-210725-00055,Agsoil,���^�X,�ޏ�-C,2022.03.25,��A��,C,2,,,,,232,232,232,232,232,232,232,232,232,232,328,642,1011,1334,1668,1825,1931,1890,1739,1703,1744,2093,2462,2684,2684,2684,2684,2684,2684,2684,2684,2684,2684,2537,2315,2189,1916,1663,1562,1446,1380,1344,1329,1329,1329,1334,1375,1547,1794,2032,2143,2148,2148,2148,2148,2148,2148,2138,2057,1931,,,,,,,,,,,,,,,,,,,,,,,,,,,,,,,30,0.232,1.152,22.40869565,623.1265217,19.77250409,27,0.127291667
S-210725-00056,Agsoil,���^�X,�ޏ�-C,2022.03.25,��A��,C,3,,,,,232,232,232,232,232,232,232,232,232,232,232,232,232,232,232,232,232,505,561,652,662,738,718,718,1036,1572,1961,2153,2153,2158,2158,2239,2179,2138,2143,2214,2305,2411,2411,2401,2280,2209,2138,1688,1314,1137,1001,829,788,809,884,996,1046,1102,1183,1274,1329,1334,1334,1334,,,,,,,,,,,,,,,,,,,,,,,,,,,,,,,30.5,0.232,1.168,21.80448718,587.8890577,19.68281938,23.8061674,0.227
S-210725-00057,Agsoil,���^�X,�ޏ�-C,2022.03.25,��A��,C,3,,,,,232,232,232,232,232,232,232,232,232,232,232,232,232,374,495,768,935,960,960,960,981,1329,1587,1825,1845,1901,1906,1906,1906,1895,1739,1557,1425,1334,1314,1314,1314,1314,1314,1314,1314,1314,1314,1314,1299,1269,1264,1264,1264,1264,1259,1259,1259,1259,1259,1259,1259,1259,1259,1259,,,,,,,,,,,,,,,,,,,,,,,,,,,,,,,27,0.424,1.178,19.33023873,871.0180279,16.40802142,24.94814487,0.088289122
S-210725-00058,Agsoil,���^�X,�ޏ�-C,2022.03.25,��A��,C,3,,,,,232,232,232,232,232,232,232,232,232,232,232,232,232,232,248,369,389,394,399,399,399,399,399,399,399,576,1314,1845,1855,2123,2067,1901,1683,1592,1552,1552,1547,1552,1552,1552,1547,1547,1526,1410,1279,1142,1102,1102,1102,1102,1102,1102,1102,1102,1152,1183,1188,1188,1178,1097,,,,,,,,,,,,,,,,,,,,,,,,,,,,,,,25,0.232,0.879,20.11823802,404.8849896,15.83038531,25,0.070559126
S-210725-00059,Agsoil,���^�X,�ޏ�-C,2022.03.25,��A��,C,3,,,,,232,232,232,232,232,232,232,232,232,232,268,328,571,814,1152,1248,1597,1658,1663,1739,1739,1739,1754,2052,2052,2052,2057,2057,2047,2007,1875,1870,1870,1870,1865,1870,1840,1673,1496,1309,1137,1046,1077,1663,1744,1683,1557,1430,1294,1269,1274,1284,1284,1284,1284,1284,1284,1284,1284,1284,,,,,,,,,,,,,,,,,,,,,,,,,,,,,,,29.5,0.232,1.264,23.51744186,184.9703023,22.54897494,24.89977221,0.439
S-210725-00060,Agsoil,���^�X,�ޏ�-C,2022.03.25,��A��,C,3,,,,,232,232,232,232,232,232,232,232,232,232,232,232,232,303,374,399,409,455,465,465,465,465,465,460,440,419,510,879,1071,1137,1152,1157,1157,1157,1157,1157,1157,1157,1117,1082,1077,1077,1077,1077,1077,1077,1077,1077,1082,1087,1092,1092,1097,1112,1173,1183,1183,1183,1183,1183,,,,,,,,,,,,,,,,,,,,,,,,,,,,,,,33,0.232,1.329,23.14539654,1180.415213,19.74046597,28.70259142,0.122404
S-210725-00061,Agsoil,���^�X,�ޏ�-C,2022.03.25,��A��,B,1,,,,,232,232,232,232,232,232,232,268,268,283,313,323,349,606,799,1253,1279,1400,1400,1400,1461,1774,1784,2088,2401,2558,2548,2381,2128,1986,1901,2113,2234,2229,2052,1870,1698,1708,1870,1875,1875,1875,1895,1956,1956,1961,1951,1769,1592,1415,1390,1405,1410,1410,1410,1410,1405,1400,1400,1395,,,,,,,,,,,,,,,,,,,,,,,,,,,,,,,29.5,0.232,1.001,20.96684005,253.1384711,18.46506354,24.27183863,0.132431511
S-210725-00062,Agsoil,���^�X,�ޏ�-C,2022.03.25,��A��,B,1,,,,,232,232,232,232,232,232,232,232,232,232,232,242,258,263,283,288,344,404,465,536,556,556,556,556,546,536,515,890,1329,1713,1911,2002,2199,2320,2406,2406,2406,2396,2320,2123,1916,1926,2163,2199,2173,2032,2421,2684,2684,2684,2684,2684,2568,2295,2098,1668,1466,1294,1082,1051,,,,,,,,,,,,,,,,,,,,,,,,,,,,,,,28,0.232,1.127,21.3122905,982.3269902,15.49382906,27.19612791,0.076480699
S-210725-00063,Agsoil,���^�X,�ޏ�-C,2022.03.25,��A��,B,1,,,,,232,232,232,232,232,232,232,232,232,232,242,303,323,349,546,773,1077,1304,1370,1466,1486,1486,1734,1880,2017,2259,2290,2290,2285,2259,2244,2123,2067,2067,2067,2077,2386,2381,2366,2684,2684,2684,2684,2684,2684,2684,2684,2628,2426,2163,1946,1850,1845,1845,1845,1845,1845,1845,1845,1840,,,,,,,,,,,,,,,,,,,,,,,,,,,,,,,27.5,0.232,1.653,22.58092892,361.9239087,20.79649592,25.20474632,0.322350109
S-210725-00064,Agsoil,���^�X,�ޏ�-C,2022.03.25,��A��,B,1,,,,,232,232,232,232,232,232,232,232,232,232,232,232,232,232,232,232,349,364,414,515,531,526,465,409,399,399,682,1213,1794,2027,2037,2042,2042,2082,2264,2264,2264,2189,2057,1936,1779,1638,1542,1643,2194,2537,2563,2664,2684,2684,2684,2684,2487,2133,1926,1552,1410,1248,1223,1415,,,,,,,,,,,,,,,,,,,,,,,,,,,,,,,19,0.414,0.788,18.18716578,-643.2905802,15.03676984,18.25715616,0.116135135
S-210725-00065,Agsoil,���^�X,�ޏ�-C,2022.03.25,��A��,B,1,,,,,232,232,232,232,232,232,232,232,232,232,232,596,895,1350,1486,1713,1971,2002,2002,2002,2002,2002,2002,2259,2275,2280,2158,1946,1855,1850,1850,1850,1850,1880,2148,2361,2598,2674,2684,2684,2659,2512,2315,2264,2295,2305,2633,2618,2467,2204,1911,1552,1380,1157,1102,1102,1102,1142,1228,1233,,,,,,,,,,,,,,,,,,,,,,,,,,,,,,,26,0.232,1.061,17.31302774,2020.424215,12.35768847,24.66824492,0.067340579
S-210725-00066,Agsoil,���^�X,�ޏ�-C,2022.03.25,��A��,B,2,,,,,232,232,232,232,232,232,232,232,232,232,232,232,232,652,849,955,975,1117,1289,1446,1446,1446,1451,1764,1966,2158,2234,2401,2421,2426,2426,2426,2426,2350,2194,2077,2047,2057,2264,2264,2264,2280,2280,2113,2113,2153,2305,2285,2280,2280,2153,1941,1653,1365,1142,1051,1051,1112,1223,1334,,,,,,,,,,,,,,,,,,,,,,,,,,,,,,,28.5,0.232,1.061,22.59167672,294.1748785,21.32802607,25.21076381,0.213509141
S-210725-00067,Agsoil,���^�X,�ޏ�-C,2022.03.25,��A��,B,2,,,,,232,232,232,232,232,232,232,232,232,232,232,232,232,232,232,232,248,333,333,333,333,344,344,349,349,349,349,364,788,1071,1284,1329,1339,1360,1542,1567,1582,1597,1597,1906,2335,2340,2330,2376,2381,2285,2067,1855,1648,1491,1410,1410,1410,1410,1410,1410,1410,1410,1410,1410,,,,,,,,,,,,,,,,,,,,,,,,,,,,,,,27.5,0.232,1.279,19.19340974,676.4789764,16.16866481,23.48929784,0.143020419
S-210725-00068,Agsoil,���^�X,�ޏ�-C,2022.03.25,��A��,B,2,,,,,232,232,232,232,232,232,232,232,232,232,232,232,657,1011,1446,1653,1810,1835,1835,1835,1835,1830,1830,1825,1845,1860,1880,1880,1880,1880,1880,1880,1855,1779,1713,1557,1319,1193,1097,1041,960,945,975,1157,1334,1339,1339,1339,1329,1289,1259,1259,1259,1259,1259,1259,1259,1259,1259,1259,,,,,,,,,,,,,,,,,,,,,,,,,,,,,,,32,0.232,1.097,22.38786127,348.7823772,20.82832618,24.54077253,0.233
S-210725-00069,Agsoil,���^�X,�ޏ�-C,2022.03.25,��A��,B,2,,,,,232,232,232,232,232,232,232,232,232,232,232,232,232,253,313,379,424,500,571,536,490,490,490,495,495,546,1056,1173,1471,1729,1729,1744,1744,1744,1744,1744,1749,1754,2037,2133,2361,2361,2492,2340,2168,1951,1769,1683,1683,1683,1683,1678,1653,1572,1456,1385,1319,1309,1309,1344,,,,,,,,,,,,,,,,,,,,,,,,,,,,,,,27,0.232,1.501,22.35106383,1121.635803,20.65414126,26.46227032,0.21848688
S-210725-00070,Agsoil,���^�X,�ޏ�-C,2022.03.25,��A��,B,2,,,,,232,232,232,232,232,232,232,232,232,232,232,253,268,692,1051,1329,1673,1870,1936,2158,2219,2219,2113,2103,2103,2108,2108,2128,2138,2158,2158,2158,2103,1992,1860,1840,1815,1688,1602,1531,1466,1430,1420,1420,1420,1410,1390,1390,1390,1370,1360,1360,1360,1360,1360,1360,1355,1355,1355,1355,,,,,,,,,,,,,,,,,,,,,,,,,,,,,,,35,0.232,1.213,24.16666667,309.86925,22.82291667,26.22916667,0.288
S-210725-00071,Agsoil,���^�X,�ޏ�-C,2022.03.25,��A��,B,3,,,,,232,232,232,232,232,232,232,232,232,232,258,258,323,728,1092,1334,1496,1729,1729,1845,1880,1880,1875,1870,1946,2259,2300,2502,2542,2542,2502,2376,2259,2123,2022,1931,1926,2042,2067,2067,2123,2517,2588,2684,2684,2684,2684,2684,2684,2684,2684,2684,2684,2684,2548,2684,2684,2684,2558,2335,,,,,,,,,,,,,,,,,,,,,,,,,,,,,,,33.5,0.232,2.133,26.25960021,2432.836115,23.44410833,30.01688627,0.28922322
S-210725-00072,Agsoil,���^�X,�ޏ�-C,2022.03.25,��A��,B,3,,,,,232,232,232,232,232,232,232,232,232,232,232,232,232,232,258,263,273,283,298,298,298,318,404,404,404,404,566,783,1739,2320,2512,2583,2684,2684,2684,2684,2684,2684,2684,2684,2684,2684,2684,2542,2406,2644,2684,2684,2684,2684,232,232,232,232,232,232,232,232,232,232,,,,,,,,,,,,,,,,,,,,,,,,,,,,,,,28.5,0.232,1.112,20.05454545,688.3090909,14.70174742,26.12986497,0.077003058
S-210725-00073,Agsoil,���^�X,�ޏ�-C,2022.03.25,��A��,B,3,,,,,232,232,232,232,232,232,232,232,232,232,232,232,232,652,895,1122,1188,1294,1365,1370,1481,1567,1456,1441,1461,1810,2052,2138,2153,2153,2133,2002,1860,1815,1749,1577,1476,1552,1976,2290,2406,2401,2391,2391,2633,2633,2633,2649,2674,2679,2684,2684,2684,2684,2684,2684,2684,2684,2684,2684,,,,,,,,,,,,,,,,,,,,,,,,,,,,,,,27,0.409,1.218,20.09950556,879.5502401,18.0291479,24.54684539,0.124123588
S-210725-00074,Agsoil,���^�X,�ޏ�-C,2022.03.25,��A��,B,3,,,,,232,232,232,232,232,232,232,232,232,232,232,232,460,576,596,601,606,672,708,652,596,596,596,576,551,470,435,1026,1173,1228,1890,2062,2184,2411,2558,2623,2623,2623,2623,2623,2633,2633,2633,2633,2644,2644,2654,2659,2659,2659,2659,2659,2659,2659,2649,2659,2659,2659,2654,2593,,,,,,,,,,,,,,,,,,,,,,,,,,,,,,,28,0.232,0.879,20.33771252,703.9477407,14.21753606,26.56519865,0.052398581
S-210725-00075,Agsoil,���^�X,�ޏ�-C,2022.03.25,��A��,B,3,,,,,232,232,232,232,232,232,232,232,232,232,232,248,308,561,869,1228,1511,1567,1592,1587,1633,1633,1638,1703,1734,1966,2184,2184,2184,2477,2477,2472,2472,2477,2477,2477,2563,2659,2684,2684,2684,2684,2684,232,232,232,232,232,232,232,232,232,232,232,232,232,232,232,232,232,,,,,,,,,,,,,,,,,,,,,,,,,,,,,,,32,0.232,1.81,27.12927757,635.7128688,25.29644746,28.83213507,0.446306397
S-210725-00076,Agsoil,���^�X,�ޏ�-C,2022.03.25,��A��,A,3,,,,,232,232,232,232,232,232,232,232,232,232,232,232,232,232,232,268,303,318,389,399,404,404,404,404,404,404,566,890,1294,1380,1380,1410,1456,1537,1537,1531,1531,1562,1789,1789,1719,1643,1587,1516,1486,1486,1486,1486,1486,1486,1486,1481,1481,1481,1486,1481,1486,1486,1486,1481,,,,,,,,,,,,,,,,,,,,,,,,,,,,,,,26,0.232,1.547,22.49011407,745.7323241,21.32102316,25.73110023,0.29818073
S-210725-00077,Agsoil,���^�X,�ޏ�-C,2022.03.25,��A��,A,3,,,,,232,232,232,232,232,232,232,232,232,232,232,232,273,328,627,925,1178,1375,1410,1567,1729,1784,1850,1845,1840,1956,1946,1981,1981,1986,2022,2077,2077,2052,1901,1774,1521,1344,1188,1208,1375,1400,1400,1309,1173,1087,1026,1026,1026,1026,1026,1026,1031,1031,1031,1031,1031,1031,1031,1046,,,,,,,,,,,,,,,,,,,,,,,,,,,,,,,21,0.232,0.991,14.47891963,440.0088857,12.71260216,17.69291146,0.152400173
S-210725-00078,Agsoil,���^�X,�ޏ�-C,2022.03.25,��A��,A,3,,,,,232,232,232,232,232,232,232,232,232,232,232,232,232,232,232,288,293,339,339,339,344,354,369,708,935,1223,1542,1617,1810,1890,2017,2072,2234,2290,2285,2285,2325,2426,2431,2386,2032,1870,1531,1370,1117,1006,1006,1102,1451,1496,1496,1476,1425,1355,1304,1243,1223,1203,1112,1102,,,,,,,,,,,,,,,,,,,,,,,,,,,,,,,28.5,0.232,1.299,23.96298032,114.8991361,22.439985,25.85867837,0.312107546
S-210725-00079,Agsoil,���^�X,�ޏ�-C,2022.03.25,��A��,A,3,,,,,232,232,232,232,232,232,232,232,232,232,232,248,333,758,895,1567,1607,1784,1855,1860,1865,1895,1895,1951,2219,2285,2280,2280,2239,2138,2108,2093,2002,1820,1683,1617,1597,1597,1597,1592,1592,1587,1567,1526,1441,1304,1178,1056,955,910,905,905,905,905,905,905,905,905,905,905,,,,,,,,,,,,,,,,,,,,,,,,,,,,,,,21,0.232,1.066,16.20383693,103.6368861,14.26936804,18.15055946,0.21488247
S-210725-00080,Agsoil,���^�X,�ޏ�-C,2022.03.25,��A��,A,3,,,,,232,232,232,232,232,232,232,232,232,232,232,232,232,232,263,349,354,389,419,440,485,485,485,485,485,788,1071,1218,1344,1516,1516,1516,1516,1521,1476,1385,1218,1077,1001,960,960,960,975,1097,1203,1203,1203,1208,1243,1375,1410,1410,1410,1415,1425,1441,1441,1441,1441,1441,,,,,,,,,,,,,,,,,,,,,,,,,,,,,,,38.5,0.248,1.107,25.12398137,1289.328049,24.12148423,28.45186084,0.198366119
S-210725-00081,Agsoil,���^�X,�ޏ�-C,2022.03.25,��A��,A,2,,,,,232,232,232,232,232,232,232,232,232,232,232,232,232,232,232,232,364,394,419,424,435,505,505,490,490,551,884,1173,1410,1486,1602,1602,1572,1567,1531,1491,1587,1911,2002,2002,2002,2002,2002,2007,2017,1961,1946,2098,2108,2163,2163,2082,1820,1562,1486,1481,1481,1481,1481,1481,,,,,,,,,,,,,,,,,,,,,,,,,,,,,,,29,0.232,2.017,23.24005602,1453.85555,22.11418123,26.61235665,0.396827565
S-210725-00082,Agsoil,���^�X,�ޏ�-C,2022.03.25,��A��,A,2,,,,,232,232,232,232,232,232,232,232,232,232,232,248,490,895,1102,1294,1501,1506,1582,1612,1617,1617,1617,1617,1617,1617,1622,1835,1976,2224,2497,2497,2497,2497,2684,2684,2578,2532,2512,2325,2108,2022,2012,1880,1759,1633,1633,1628,1628,1628,1628,1628,1628,1587,1496,1365,1213,1127,1087,1087,,,,,,,,,,,,,,,,,,,,,,,,,,,,,,,21,0.232,1.183,16.79127234,510.057628,15.17803033,19.9354821,0.199896929
S-210725-00083,Agsoil,���^�X,�ޏ�-C,2022.03.25,��A��,A,2,,,,,232,232,232,232,232,232,232,232,232,232,248,298,323,339,394,551,617,617,571,576,576,576,541,500,495,505,981,1132,1314,1648,1749,1820,2002,2345,2366,2361,2320,2249,2173,1997,2098,2295,2295,2295,2300,2406,2371,2062,1931,1643,1400,1238,1193,1193,1193,1198,1223,1233,1233,1233,,,,,,,,,,,,,,,,,,,,,,,,,,,,,,,31.5,0.232,2.254,25.05242334,1294.090656,23.14905149,28.62872629,0.369
S-210725-00084,Agsoil,���^�X,�ޏ�-C,2022.03.25,��A��,A,2,,,,,232,232,232,232,232,232,232,232,232,232,232,232,349,490,783,1046,1355,1415,1471,1587,1587,1587,1587,1683,1931,2047,2229,2229,2229,2224,2224,2224,2224,2224,2204,2017,1850,1840,1840,1860,2088,2118,2138,2138,2017,1825,1693,1542,1461,1456,1456,1456,1456,1456,1456,1456,1456,1456,1456,1456,,,,,,,,,,,,,,,,,,,,,,,,,,,,,,,21,0.232,1.011,14.40500642,432.7592737,13.00743989,17.30924394,0.181086817
S-210725-00085,Agsoil,���^�X,�ޏ�-C,2022.03.25,��A��,A,2,,,,,232,232,232,232,232,232,232,232,232,374,500,526,526,566,611,672,667,672,687,687,662,596,531,485,490,743,1056,1344,1597,1617,1612,1602,1405,1223,1077,1264,1547,1547,1547,1547,1547,1435,1264,1041,859,819,1117,1319,1319,1314,1319,1319,1314,1233,1071,925,895,920,970,986,,,,,,,,,,,,,,,,,,,,,,,,,,,,,,,35.5,0.232,1.375,22.66097988,771.8767351,20.63681995,26.76081076,0.186642998
S-210725-00086,Agsoil,���^�X,�ޏ�-C,2022.03.25,��A��,A,1,,,,,232,232,232,232,232,232,232,232,232,232,232,389,627,915,1162,1309,1446,1531,1703,1875,1941,2077,2103,2108,2108,2108,2113,2113,2022,1835,1749,1759,1759,1759,1663,1537,1360,1375,1602,1622,1506,1385,1248,1152,1183,1314,1324,1324,1324,1324,1324,1324,1324,1324,1324,1324,1324,1324,1324,1324,,,,,,,,,,,,,,,,,,,,,,,,,,,,,,,30,0.232,1.162,19.13548387,699.5239516,13.36524037,25,0.079932893
S-210725-00087,Agsoil,���^�X,�ޏ�-C,2022.03.25,��A��,A,1,,,,,232,232,232,232,232,232,232,232,232,232,232,232,232,248,273,308,313,333,359,359,359,364,364,364,364,369,369,369,455,1137,1724,1804,1810,1961,1986,1992,2123,2224,2184,2143,2098,2335,2376,2441,2472,2477,2502,2613,2684,2684,2684,2563,2361,2062,1890,1597,1486,1390,1390,1506,,,,,,,,,,,,,,,,,,,,,,,,,,,,,,,30,0.232,1.223,24.40413724,596.5064019,23.10036454,27.81897106,0.210019631
S-210725-00088,Agsoil,���^�X,�ޏ�-C,2022.03.25,��A��,A,1,,,,,232,232,232,232,232,232,232,232,232,273,308,318,328,536,814,1243,1430,1496,1602,1638,1638,1638,1638,1633,1628,1628,1825,1880,1885,1880,1860,2421,2649,2578,2563,2563,2563,2563,2563,2588,2588,2588,2583,2446,2310,2285,2072,1855,1633,1461,1370,1360,1360,1355,1355,1355,1355,1355,1355,1355,,,,,,,,,,,,,,,,,,,,,,,,,,,,,,,18,0.232,0.986,15.62599469,158.7560252,14.6794595,17.53842606,0.26373166
S-210725-00089,Agsoil,���^�X,�ޏ�-C,2022.03.25,��A��,A,1,,,,,232,232,232,232,232,232,232,232,232,232,232,232,232,232,278,288,323,359,394,414,414,414,414,414,414,799,1066,1344,1587,2371,2644,2537,2573,2684,2684,2684,2684,2684,2684,2684,2684,2684,2603,2391,2239,2684,2684,2684,2684,2573,2285,1916,1729,1435,1350,1304,1355,1804,2077,2077,,,,,,,,,,,,,,,,,,,,,,,,,,,,,,,27,0.242,1.557,18.20798479,3172.082058,15.61405839,24.47828019,0.148349176
S-210725-00090,Agsoil,���^�X,�ޏ�-C,2022.03.25,��A��,A,1,,,,,232,232,232,232,232,232,232,232,232,232,232,232,298,490,950,1400,1582,1708,1794,1885,1971,1966,1951,1951,1951,1951,1961,1961,1961,1830,1673,1567,1547,1547,1547,1547,1653,2108,2184,2401,2381,2330,2148,1860,1698,1456,1334,1324,1324,1324,1324,1324,1324,1324,1324,1324,1324,1324,1324,1324,,,,,,,,,,,,,,,,,,,,,,,,,,,,,,,28,0.232,2.204,20.79614604,1518.533535,16.72120918,26.1520735,0.209100665
